{"type":"Scene","props":{"width":750,"height":1334},"compId":2,"child":[{"type":"Sprite","props":{"y":0,"x":0,"width":750,"var":"bg","texture":"res/bg.jpg","height":1334},"compId":3},{"type":"Script","props":{"targetLine":"@node:21","scoreSprit":"@node:38","runtime":"scripts/GameManager.js"},"compId":7},{"type":"Sprite","props":{"y":1335,"x":0,"width":750,"var":"Collider_Down","pivotY":1,"name":"Collider_Down","height":1},"compId":10,"child":[{"type":"Script","props":{"width":750,"height":1,"friction":0.4,"runtime":"Laya.BoxCollider"},"compId":11},{"type":"Script","props":{"type":"static","runtime":"Laya.RigidBody"},"compId":12}]},{"type":"Sprite","props":{"y":0,"x":0,"width":1,"var":"Collider_Left","name":"Collider_Left","height":1335},"compId":13,"child":[{"type":"Script","props":{"width":1,"height":1334,"runtime":"Laya.BoxCollider"},"compId":14},{"type":"Script","props":{"type":"static","runtime":"Laya.RigidBody"},"compId":15}]},{"type":"Sprite","props":{"y":0,"x":750,"width":1,"var":"Collider_Right","name":"Collider_Right","height":1335},"compId":16,"child":[{"type":"Script","props":{"width":1,"height":1334,"runtime":"Laya.BoxCollider"},"compId":17},{"type":"Script","props":{"type":"static","runtime":"Laya.RigidBody"},"compId":18}]},{"type":"Sprite","props":{"y":160,"x":425,"width":10,"texture":"res/line1.png","scaleY":2,"scaleX":2,"pivotX":11,"name":"TargetLine","height":450},"compId":21},{"type":"Sprite","props":{"y":650,"width":750,"var":"WarningLine","pivotY":1,"name":"WarningLine","height":1},"compId":22,"child":[{"type":"Script","props":{"warningText":"@node:25","runtime":"scripts/CheckWarning.js"},"compId":24}]},{"type":"Text","props":{"y":312,"x":14,"width":315,"visible":false,"valign":"middle","text":"注意！注意！","name":"WarningText","height":75,"fontSize":50,"font":"SimHei","color":"#f3100c","bold":true,"align":"center","runtime":"Laya.Text"},"compId":25},{"type":"Sprite","props":{"y":475,"x":0,"width":750,"texture":"res/overLine.png","pivotY":10,"name":"GameOverLine","height":5},"compId":26,"child":[{"type":"Script","props":{"runtime":"scripts/CheckGameOver.js"},"compId":27}]},{"type":"Script","props":{"collider_Right":"@node:16","collider_Left":"@node:13","collider_Down":"@node:10","bg":"@node:3","runtime":"scripts/FixScreen.js"},"compId":33},{"type":"Sprite","props":{"y":303,"x":266,"width":217,"var":"scoreSprit","name":"scoreSprit","height":41},"compId":38,"child":[{"type":"Text","props":{"y":6,"x":0,"width":87,"var":"scoreName","valign":"middle","text":"曜白值","name":"scoreName","height":29,"fontSize":30,"font":"SimHei","color":"#000000","align":"center","runtime":"Laya.Text"},"compId":68},{"type":"Text","props":{"y":0,"x":97,"width":100,"var":"scoreText","valign":"middle","text":"0","name":"scoreText","height":41,"fontSize":41,"font":"SimHei","color":"#000000","bold":true,"align":"center","runtime":"Laya.Text"},"compId":41}]}],"loadList":["res/bg.jpg","res/line1.png","res/overLine.png"],"loadList3D":[]}