{"type":"View","props":{"width":750,"height":1334},"compId":2,"child":[{"type":"Image","props":{"var":"mainBg","top":0,"skin":"res/bg.jpg","right":0,"name":"mainBg","left":0,"bottom":0},"compId":3},{"type":"Image","props":{"var":"bgBlank","top":0,"skin":"res/bgBlank.png","sizeGrid":"3,5,3,3","right":0,"name":"bgBlank","left":0,"bottom":0},"compId":8},{"type":"Image","props":{"visible":false,"var":"startGameBtn","skin":"res/startGame.png","name":"startGameBtn","centerX":0,"bottom":80},"compId":7},{"type":"Image","props":{"var":"nextStepBtn","skin":"res/nextStep.png","name":"nextStepBtn","centerX":0,"bottom":80},"compId":6},{"type":"Image","props":{"var":"skipBtn","top":160,"skin":"res/skip.png","right":26,"name":"skipBtn"},"compId":5},{"type":"Image","props":{"var":"stepBg","skin":"res/step_1.png","name":"stepBg","centerY":0,"centerX":0},"compId":4},{"type":"Script","props":{"y":378,"x":78,"stepBg":"@node:4","startGameBtn":"@node:7","skipBtn":"@node:5","nextStepBtn":"@node:6","dotStep":"@node:11","runtime":"scripts/Guide.js"},"compId":9},{"type":"Script","props":{"top":0,"right":0,"left":0,"bottom":0,"runtime":"laya.ui.Widget"},"compId":10},{"type":"Image","props":{"var":"dotStep","skin":"res/dot_1.png","name":"dotStep","centerX":0,"bottom":220},"compId":11}],"loadList":["res/bg.jpg","res/bgBlank.png","res/startGame.png","res/nextStep.png","res/skip.png","res/step_1.png","res/dot_1.png"],"loadList3D":[]}