{"type":"Image","props":{"y":0,"x":0,"width":240,"var":"element_06","skin":"res/06_240.png","scaleY":1,"scaleX":1,"presetID":1,"pivotY":120,"pivotX":120,"name":"element_06","isPresetRoot":true,"height":240},"compId":67,"child":[{"type":"Script","props":{"presetID":2,"gravityScale":10,"runtime":"Laya.RigidBody"},"compId":5},{"type":"Script","props":{"radius":120,"presetID":3,"runtime":"Laya.CircleCollider"},"compId":6},{"type":"Script","props":{"presetID":4,"runtime":"scripts/Fruit.js"},"compId":36}],"loadList":["res/06_240.png"],"loadList3D":[]}