{"type":"Image","props":{"width":230,"var":"alipay","skin":"res/alipay.png","scaleY":1,"scaleX":1,"presetID":1,"pivotY":115,"pivotX":115,"name":"alipay","isPresetRoot":true,"height":230},"compId":61,"child":[{"type":"Script","props":{"presetID":2,"gravityScale":10,"runtime":"Laya.RigidBody"},"compId":5},{"type":"Script","props":{"radius":115,"presetID":3,"runtime":"Laya.CircleCollider"},"compId":6},{"type":"Script","props":{"presetID":4,"runtime":"scripts/Fruit.js"},"compId":36}],"loadList":["res/alipay.png"],"loadList3D":[]}