{"type":"Sprite","props":{"y":0,"x":0,"var":"blessbag","texture":"res/blessbag.png","pivotY":93,"pivotX":93,"name":"blessbag","width":186,"height":186,"presetID":1,"isPresetRoot":true},"compId":35,"child":[{"type":"Script","props":{"gravityScale":10,"presetID":2,"runtime":"Laya.RigidBody"},"compId":5},{"type":"Script","props":{"radius":93,"presetID":3,"runtime":"Laya.CircleCollider"},"compId":6},{"type":"Script","props":{"presetID":4,"runtime":"scripts/Fruit.js"},"compId":36}],"loadList":["res/blessbag.png"],"loadList3D":[]}