{"type":"Sprite","props":{"y":0,"x":0,"width":340,"var":"chestbox","texture":"res/chestbox.png","scaleY":1,"scaleX":1,"presetID":1,"pivotY":170,"pivotX":170,"name":"chestbox","isPresetRoot":true,"height":340},"compId":35,"child":[{"type":"Script","props":{"presetID":2,"gravityScale":10,"runtime":"Laya.RigidBody"},"compId":5},{"type":"Script","props":{"radius":170,"presetID":3,"runtime":"Laya.CircleCollider"},"compId":6},{"type":"Script","props":{"presetID":4,"runtime":"scripts/Fruit.js"},"compId":36}],"loadList":["res/chestbox.png"],"loadList3D":[]}