{"type":"Image","props":{"y":0,"x":0,"width":115,"var":"coupon","skin":"res/coupon.png","presetID":1,"pivotY":58,"pivotX":58,"name":"coupon","isPresetRoot":true,"height":115},"compId":71,"child":[{"type":"Script","props":{"presetID":2,"gravityScale":10,"runtime":"Laya.RigidBody"},"compId":5},{"type":"Script","props":{"radius":57.5,"presetID":3,"runtime":"Laya.CircleCollider"},"compId":6},{"type":"Script","props":{"presetID":4,"runtime":"scripts/Fruit.js"},"compId":36}],"loadList":["res/coupon.png"],"loadList3D":[]}