{"type":"Sprite","props":{"y":0,"x":0,"width":300,"var":"giftbox","texture":"res/giftbox.png","presetID":1,"pivotY":150,"pivotX":150,"name":"giftbox","isPresetRoot":true,"height":300},"compId":35,"child":[{"type":"Script","props":{"presetID":2,"gravityScale":10,"runtime":"Laya.RigidBody"},"compId":5},{"type":"Script","props":{"radius":150,"presetID":3,"runtime":"Laya.CircleCollider"},"compId":6},{"type":"Script","props":{"presetID":4,"runtime":"scripts/Fruit.js"},"compId":36}],"loadList":["res/giftbox.png"],"loadList3D":[]}