{"type":"Image","props":{"width":90,"var":"gold","skin":"res/gold.png","scaleY":1,"scaleX":1,"presetID":1,"pivotY":45,"pivotX":45,"name":"gold","isPresetRoot":true,"height":90},"compId":59,"child":[{"type":"Script","props":{"presetID":2,"gravityScale":10,"runtime":"Laya.RigidBody"},"compId":5},{"type":"Script","props":{"radius":45,"presetID":3,"runtime":"Laya.CircleCollider"},"compId":6},{"type":"Script","props":{"presetID":4,"runtime":"scripts/Fruit.js"},"compId":36}],"loadList":["res/gold.png"],"loadList3D":[]}