{"type":"Sprite","props":{"y":0,"x":0,"width":140,"var":"redpacket","texture":"res/redpacket.png","presetID":1,"pivotY":70,"pivotX":70,"name":"redpacket","isPresetRoot":true,"height":140},"compId":35,"child":[{"type":"Script","props":{"presetID":2,"gravityScale":10,"runtime":"Laya.RigidBody"},"compId":5},{"type":"Script","props":{"radius":70,"presetID":3,"runtime":"Laya.CircleCollider"},"compId":6},{"type":"Script","props":{"presetID":4,"runtime":"scripts/Fruit.js"},"compId":36}],"loadList":["res/redpacket.png"],"loadList3D":[]}