{"type":"Image","props":{"width":260,"var":"shopbag","skin":"res/shopbag.png","presetID":1,"pivotY":130,"pivotX":130,"name":"shopbag","isPresetRoot":true,"height":260},"compId":84,"child":[{"type":"Script","props":{"presetID":2,"gravityScale":10,"runtime":"Laya.RigidBody"},"compId":5},{"type":"Script","props":{"radius":130,"presetID":3,"runtime":"Laya.CircleCollider"},"compId":6},{"type":"Script","props":{"presetID":4,"runtime":"scripts/Fruit.js"},"compId":36}],"loadList":["res/shopbag.png"],"loadList3D":[]}