{"type":"Sprite","props":{"y":0,"x":0,"width":170,"var":"vipcard","texture":"res/vipcard.png","scaleY":1,"scaleX":1,"pivotY":85,"pivotX":85,"name":"vipcard","height":170,"presetID":1,"isPresetRoot":true},"compId":54,"child":[{"type":"Script","props":{"gravityScale":10,"presetID":2,"runtime":"Laya.RigidBody"},"compId":5},{"type":"Script","props":{"radius":85,"presetID":3,"runtime":"Laya.CircleCollider"},"compId":6},{"type":"Script","props":{"presetID":4,"runtime":"scripts/Fruit.js"},"compId":36}],"loadList":["res/vipcard.png"],"loadList3D":[]}