{"type":"Scene","props":{"width":750,"runtime":"scripts/GameOverView.js","height":1334},"compId":2,"child":[{"type":"Script","props":{"top":0,"right":0,"left":0,"bottom":0,"runtime":"laya.ui.Widget"},"compId":13},{"type":"Image","props":{"var":"gameOverBg","top":0,"skin":"res/img_blank.png","sizeGrid":"4,4,4,4","right":0,"name":"gameOverBg","left":0,"bottom":0,"alpha":1},"compId":3},{"type":"Box","props":{"width":524,"var":"gameOverBox","pivotY":384,"pivotX":262,"name":"gameOverBox","height":780,"centerY":0,"centerX":0},"compId":14,"child":[{"type":"Image","props":{"y":667,"x":375,"width":524,"var":"gameOverWin","skin":"res/gameOverWin.png","pivotY":266,"pivotX":262,"name":"gameOverWin","height":532,"centerY":0,"centerX":0},"compId":4},{"type":"Image","props":{"y":536,"var":"playAgainBtn","skin":"res/playAgainBtn.png","name":"playAgainBtn","centerX":0},"compId":5},{"type":"Image","props":{"var":"closeBtn","skin":"res/closeBtn.png","name":"closeBtn","centerX":0,"bottom":9},"compId":6},{"type":"Image","props":{"var":"scoreLogo","skin":"res/scoreLogo.png","name":"scoreLogo","left":69,"centerY":0},"compId":7},{"type":"Text","props":{"y":356,"x":203,"width":160,"var":"txt_Score","valign":"middle","text":"0","name":"txt_Score","height":56,"fontSize":60,"font":"SimHei","color":"#5f9fff","bold":true,"align":"center","runtime":"Laya.Text"},"compId":9},{"type":"Label","props":{"width":40,"valign":"middle","text":"x","left":164,"height":50,"fontSize":40,"font":"SimHei","color":"#333333","centerY":0,"align":"center"},"compId":10},{"type":"Label","props":{"valign":"middle","text":"金币","right":74,"fontSize":40,"font":"SimHei","color":"#333333","centerY":0,"align":"center"},"compId":11}]}],"loadList":["res/img_blank.png","res/gameOverWin.png","res/playAgainBtn.png","res/closeBtn.png","res/scoreLogo.png"],"loadList3D":[]}