{
    "copyFilesFilter": [
        "../bin/**/*.*"
    ],
    "openDataZone": false,
    "compressJson": true,
    "compressJsonFilter": [
        "$basePath/**/*.{json,atlas}"
    ],
    "compressJsonNoteList": [
        ""
    ],
    "compressImage": true,
    "compressImageFilter": [
        "$basePath/**/*.{png,jpg}"
    ],
    "compressImageNoteList": [
        ""
    ],
    "compressJs": true,
    "compressJsFilter": [
        "$basePath/**/*.js",
        "!$basePath/libs/min/**/*.js"
    ],
    "compressJsNoteList": [
        "",
        ""
    ],
    "version": false,
    "versionFilter": [
        "$basePath/**/*.*",
        "!$basePath/*.html",
        "!$basePath/{version.json,game.js,game.json,project.config.json,weapp-adapter.js,project.swan.json,swan-game-adapter.js,main.js,gameConfig.json,my-adapter.js,microgame-adapter.js,qg-adapter.js,huawei-adapter.js,adapter.js,}",
        "!$basePath/layaforqq/**/*.*"
    ],
    "versionNoteList": [
        "",
        "",
        "",
        ""
    ],
    "exclude": true,
    "excludeFilter": [
        "!$basePath/js/platform.js"
    ],
    "vexcludeNoteList": [
        ""
    ],
    "packfile": false,
    "keepPlatformFile": true,
    "packfileFilter": [
        ""
    ],
    "packfileFullValue": [
        "$basePath/**/*.*"
    ],
    "packfileTargetValue": "",
    "packfileNoteList": [
        ""
    ],
    "clearReleaseDir": true,
    "compile": false,
    "forceCompile": false,
    "onlyIndexJS": true,
    "useMinJsLibs": true,
    "es6toes5": true,
    "projectType": "ts",
    "pubTime": 1627971259005,
    "taobaoInfo": {
        "orientation": "portrait"
    }
}