{"type":"Image","props":{"y":0,"x":0,"width":180,"var":"element_04","skin":"res/04_180.png","scaleY":1,"scaleX":1,"presetID":1,"pivotY":90,"pivotX":90,"name":"element_04","isPresetRoot":true,"height":180},"compId":67,"child":[{"type":"Script","props":{"presetID":2,"gravityScale":10,"runtime":"Laya.RigidBody"},"compId":5},{"type":"Script","props":{"radius":90,"presetID":3,"runtime":"Laya.CircleCollider"},"compId":6},{"type":"Script","props":{"presetID":4,"runtime":"scripts/Fruit.js"},"compId":36}],"loadList":["res/04_180.png"],"loadList3D":[]}