{"type":"Scene","props":{"zOrder":1,"width":750,"visible":true,"name":"challengeEnd","height":1334},"compId":2,"child":[{"type":"Image","props":{"x":127,"visible":true,"var":"fullstarAward","skin":"common/StartButton.PNG","name":"fullstarAward","bottom":364},"compId":3,"child":[{"type":"Image","props":{"y":18,"x":104.5,"width":286,"text":"开始游戏","skin":"common/3star.png","pivotY":-20,"pivotX":-25,"height":82,"fontSize":100,"font":"Arial","color":"#ffffff"},"compId":5},{"type":"Image","props":{"y":45,"x":91,"width":80,"skin":"common/video.png","height":68},"compId":14}]},{"type":"Box","props":{"y":0,"x":138,"width":473,"visible":false,"top":0,"stateNum":1,"name":"IphoneX_liuhai","label":" ","height":65,"bgColor":"#000000"},"compId":8},{"type":"Image","props":{"x":250,"visible":true,"var":"no","skin":"common/no.png","name":"no","bottom":293},"compId":12},{"type":"Image","props":{"x":375,"visible":false,"var":"star2","skin":"common/StarAlbedo.png","scaleY":1.2,"scaleX":1.2,"pivotY":64,"pivotX":64,"centerY":10,"centerX":0},"compId":212},{"type":"Image","props":{"y":286,"visible":false,"var":"star1","top":222,"skin":"common/StarAlbedo.png","pivotY":64,"pivotX":64,"centerY":62,"centerX":-140},"compId":213},{"type":"Image","props":{"y":286,"visible":false,"var":"star3","top":222,"skin":"common/StarAlbedo.png","pivotY":64,"pivotX":64,"centerY":62,"centerX":140},"compId":214}],"loadList":["common/3star.png","common/video.png","common/no.png","common/StarAlbedo.png"],"loadList3D":[]}