{"type":"Scene","props":{"width":750,"name":"game","height":1334},"compId":2,"child":[{"type":"Image","props":{"var":"fishImage","top":34,"skin":"game/StarAlbedo.png","right":48,"name":"fish"},"compId":3,"child":[{"type":"FontClip","props":{"y":21.5,"x":76,"var":"fishfont","value":"9999","skin":"game/numwhileOutLine.png","sheet":"1234567890/+"},"compId":8}]},{"type":"Box","props":{"var":"startbox","top":0,"right":0,"name":"startbox","left":0,"bottom":0},"compId":19,"child":[{"type":"Image","props":{"top":568,"skin":"game/sreenStart.png","centerX":0},"compId":20}]},{"type":"Image","props":{"y":866,"x":600,"width":102,"visible":false,"var":"finger","skin":"game/finger.png","name":"finger","height":104},"compId":21},{"type":"Image","props":{"width":124,"visible":false,"var":"hit1","top":201,"skin":"game/0.png","scaleY":2,"scaleX":2,"pivotY":55,"pivotX":62,"name":"hit","height":109,"centerX":125},"compId":103,"child":[{"type":"FontClip","props":{"x":38,"var":"hitfont1","value":"5.","top":33,"skin":"bmfontnum/maxd.png","sheet":"1234567890/+","scaleY":1,"scaleX":1,"name":"score"},"compId":104}]},{"type":"Image","props":{"width":124,"visible":false,"var":"hit2","top":239,"skin":"game/0.png","scaleY":2,"scaleX":2,"pivotY":55,"pivotX":62,"name":"hit","height":109,"centerX":-125},"compId":105,"child":[{"type":"FontClip","props":{"x":38,"var":"hitfont2","value":"5.","top":33,"skin":"bmfontnum/maxd.png","sheet":"1234567890/+","scaleY":1,"scaleX":1,"name":"score"},"compId":106}]},{"type":"Image","props":{"width":124,"visible":false,"var":"hit3","top":159,"skin":"game/0.png","scaleY":2,"scaleX":2,"pivotY":55,"pivotX":62,"name":"hit","height":109,"centerX":0},"compId":107,"child":[{"type":"FontClip","props":{"x":38,"var":"hitfont3","value":"5.","top":33,"skin":"bmfontnum/maxd.png","sheet":"1234567890/+","scaleY":1,"scaleX":1,"name":"score"},"compId":108}]},{"type":"FontClip","props":{"width":129,"visible":false,"var":"endHitFont","value":"4","top":215,"skin":"bmfontnum/maxd.png","sheet":"1234567890/+","scaleY":3,"scaleX":3,"pivotY":32,"pivotX":65,"name":"endHitFont","height":64,"direction":"horizontal","centerX":0,"align":"center"},"compId":112}],"loadList":["game/StarAlbedo.png","game/numwhileOutLine.png","game/sreenStart.png","game/finger.png","game/0.png","bmfontnum/maxd.png"],"loadList3D":[]}