{"type":"Box","props":{"y":0,"x":0,"width":738,"presetID":1,"name":"hatGround","isPresetRoot":true,"height":500},"compId":894,"child":[{"type":"Image","props":{"y":14,"x":54,"skin":"shop/unselect.png","presetID":2,"name":"item"},"compId":895,"child":[{"type":"Image","props":{"y":13,"x":17,"width":138,"skin":"shop/charater/RacoonIcone.PNG","presetID":3,"height":138},"compId":896},{"type":"Image","props":{"y":158,"x":0,"width":170,"presetID":4,"name":"video","height":56},"compId":897,"child":[{"type":"FontClip","props":{"y":13,"x":70,"width":158,"value":"1/3","valign":"middle","text":"1/3","skin":"bmfontnum/numwhileOutLine.png","sheet":"1234567890/+","scaleY":0.5,"scaleX":0.5,"presetID":5,"height":63,"fontSize":20,"color":"#ffffff","align":"center"},"compId":898},{"type":"Image","props":{"y":10,"x":28,"skin":"shop/video.png","presetID":6},"compId":899}]},{"type":"Image","props":{"y":158,"x":0,"width":170,"presetID":7,"name":"gold","height":56},"compId":900,"child":[{"type":"Image","props":{"y":13,"x":12,"skin":"shop/shangcheng-1-11.png","presetID":8},"compId":901},{"type":"FontClip","props":{"y":13,"x":70,"value":"1000","text":"使用中","skin":"bmfontnum/numwhileOutLine.png","sheet":"1234567890/+","scaleY":0.5,"scaleX":0.5,"presetID":9,"name":"label","fontSize":30,"color":"#ffffff"},"compId":902}]},{"type":"FontClip","props":{"y":159,"x":41,"value":"2","text":"使用中","skin":"bmfontnum/syz_yyy.png","sheet":"1234","scaleY":0.8,"scaleX":0.8,"presetID":10,"name":"stauts","fontSize":30,"color":"#ffffff"},"compId":903}]},{"type":"Image","props":{"y":15,"x":261,"skin":"shop/unselect.png","presetID":11,"name":"item"},"compId":904,"child":[{"type":"Image","props":{"y":13,"x":17,"width":138,"presetID":12,"height":138},"compId":905},{"type":"Image","props":{"y":158,"x":0,"width":170,"presetID":13,"name":"video","height":56},"compId":906,"child":[{"type":"FontClip","props":{"y":13,"x":70,"width":158,"value":"1/3","valign":"middle","text":"1/3","skin":"bmfontnum/numwhileOutLine.png","sheet":"1234567890/+","scaleY":0.5,"scaleX":0.5,"presetID":14,"height":63,"fontSize":20,"color":"#ffffff","align":"center"},"compId":907},{"type":"Image","props":{"y":10,"x":28,"skin":"shop/video.png","presetID":15},"compId":908}]},{"type":"Image","props":{"y":158,"x":0,"width":170,"presetID":16,"name":"gold","height":56},"compId":909,"child":[{"type":"Image","props":{"y":13,"x":13,"skin":"shop/shangcheng-1-11.png","presetID":17},"compId":910},{"type":"FontClip","props":{"y":13,"x":71,"value":"1000","text":"使用中","skin":"bmfontnum/numwhileOutLine.png","sheet":"1234567890/+","scaleY":0.5,"scaleX":0.5,"presetID":18,"name":"label","fontSize":30,"color":"#ffffff"},"compId":911}]},{"type":"FontClip","props":{"y":158,"x":41,"value":"2","text":"使用中","skin":"bmfontnum/syz_yyy.png","sheet":"1234","scaleY":0.8,"scaleX":0.8,"presetID":19,"name":"stauts","fontSize":30,"color":"#ffffff"},"compId":912}]},{"type":"Image","props":{"y":14,"x":483,"skin":"shop/unselect.png","presetID":21,"name":"item"},"compId":915,"child":[{"type":"Image","props":{"y":13,"x":17,"width":138,"presetID":22,"height":138},"compId":916},{"type":"Image","props":{"y":158,"x":0,"width":170,"presetID":23,"name":"video","height":56},"compId":917,"child":[{"type":"FontClip","props":{"y":13,"x":70,"width":158,"value":"1/3","valign":"middle","text":"1/3","skin":"bmfontnum/numwhileOutLine.png","sheet":"1234567890/+","scaleY":0.5,"scaleX":0.5,"presetID":24,"height":63,"fontSize":20,"color":"#ffffff","align":"center"},"compId":918},{"type":"Image","props":{"y":10,"x":28,"skin":"shop/video.png","presetID":25},"compId":919}]},{"type":"Image","props":{"y":158,"x":0,"width":170,"presetID":26,"name":"gold","height":56},"compId":920,"child":[{"type":"Image","props":{"y":13,"x":17,"skin":"shop/shangcheng-1-11.png","presetID":27},"compId":921},{"type":"FontClip","props":{"y":13,"x":75,"value":"1000","text":"使用中","skin":"bmfontnum/numwhileOutLine.png","sheet":"1234567890/+","scaleY":0.5,"scaleX":0.5,"presetID":28,"name":"label","fontSize":30,"color":"#ffffff"},"compId":922}]},{"type":"FontClip","props":{"y":158,"x":41,"value":"2","text":"使用中","skin":"bmfontnum/syz_yyy.png","sheet":"1234","scaleY":0.8,"scaleX":0.8,"presetID":29,"name":"stauts","fontSize":30,"color":"#ffffff"},"compId":923}]},{"type":"Image","props":{"y":267,"x":54,"skin":"shop/unselect.png","presetID":30,"name":"item"},"compId":924,"child":[{"type":"Image","props":{"y":13,"x":17,"width":138,"presetID":31,"height":138},"compId":925},{"type":"Image","props":{"y":158,"x":0,"width":170,"presetID":32,"name":"video","height":56},"compId":926,"child":[{"type":"FontClip","props":{"y":13,"x":70,"width":158,"value":"1/3","valign":"middle","text":"1/3","skin":"bmfontnum/numwhileOutLine.png","sheet":"1234567890/+","scaleY":0.5,"scaleX":0.5,"presetID":33,"height":63,"fontSize":20,"color":"#ffffff","align":"center"},"compId":927},{"type":"Image","props":{"y":10,"x":28,"skin":"shop/video.png","presetID":34},"compId":928}]},{"type":"Image","props":{"y":158,"x":0,"width":170,"presetID":35,"name":"gold","height":56},"compId":929,"child":[{"type":"Image","props":{"y":13,"x":17,"skin":"shop/shangcheng-1-11.png","presetID":36},"compId":930},{"type":"FontClip","props":{"y":13,"x":75,"value":"1000","text":"使用中","skin":"bmfontnum/numwhileOutLine.png","sheet":"1234567890/+","scaleY":0.5,"scaleX":0.5,"presetID":37,"name":"label","fontSize":30,"color":"#ffffff"},"compId":931}]},{"type":"FontClip","props":{"y":158,"x":41,"value":"2","text":"使用中","skin":"bmfontnum/syz_yyy.png","sheet":"1234","scaleY":0.8,"scaleX":0.8,"presetID":38,"name":"stauts","fontSize":30,"color":"#ffffff"},"compId":932}]},{"type":"Script","props":{"unselecSkin":"shop/unselect.png","selectSkin":"shop/select.png","presetID":39,"buyKey":"hat","runtime":"game/scripts/component/other/HatShopGrid.ts"},"compId":933}],"loadList":["shop/unselect.png","bmfontnum/numwhileOutLine.png","shop/video.png","shop/shangcheng-1-11.png","bmfontnum/syz_yyy.png","shop/select.png"],"loadList3D":[]}