{"type":"Image","props":{"width":124,"visible":false,"var":"hit1","top":201,"skin":"home/Textrue/0.png","scaleY":2,"scaleX":2,"pivotY":55,"pivotX":62,"name":"hit","height":109,"centerX":125,"presetID":1,"isPresetRoot":true,"x":0,"y":0},"compId":103,"child":[{"type":"FontClip","props":{"x":38,"var":"hitfont1","value":"5.","top":33,"skin":"bmfontnum/maxd.png","sheet":"1234567890/+","scaleY":1,"scaleX":1,"name":"score","presetID":2},"compId":104}],"loadList":["home/Textrue/0.png","bmfontnum/maxd.png"],"loadList3D":[]}