{"type":"Scene","props":{"width":750,"visible":true,"name":"home","height":1334},"compId":2,"child":[{"type":"Image","props":{"x":15,"top":0,"skin":"home/Logo.png","name":"logo"},"compId":4},{"type":"Image","props":{"x":127,"visible":true,"var":"startImage","skin":"home/StartButton.PNG","name":"startImage","bottom":270},"compId":3,"child":[{"type":"Image","props":{"y":7,"x":42,"width":362,"text":"开始游戏","skin":"home/srart.png","pivotY":-20,"pivotX":-25,"height":104,"fontSize":100,"font":"Arial","color":"#ffffff"},"compId":5}]},{"type":"Image","props":{"top":102,"skin":"home/btn_vibrate_off.png","runtime":"game/scripts/component/button/Soundbtn.ts","name":"btnsound","left":122},"compId":10},{"type":"Image","props":{"top":102,"skin":"home/btn_sound_on.png","runtime":"game/scripts/component/button/VibrateBtn.ts","name":"VibrateBtn","left":40},"compId":11},{"type":"Box","props":{"y":0,"x":138,"width":473,"visible":false,"top":0,"stateNum":1,"name":"IphoneX_liuhai","label":" ","height":65,"bgColor":"#000000"},"compId":8}],"loadList":["home/Logo.png","home/srart.png","home/btn_vibrate_off.png","home/btn_sound_on.png"],"loadList3D":[]}