{"type":"Scene","props":{"zOrder":1,"width":750,"visible":true,"name":"loading","height":1334},"compId":2,"child":[{"type":"Image","props":{"top":0,"skin":"loading/bgcolor.jpg","right":0,"name":"bg","left":0,"bottom":0},"compId":12},{"type":"ProgressBar","props":{"width":500,"var":"loadingProgressBar","value":0.5,"skin":"loading/loading.png","name":"loadingProgressBar","height":30,"centerY":59,"centerX":0},"compId":16},{"type":"Image","props":{"var":"test","skin":"loading/jiazaijiemian-1-4.png","centerY":101,"centerX":0},"compId":18},{"type":"Label","props":{"y":642,"x":339,"var":"loadingProgressLabel","text":"0%","name":"loadingProgressLabel","fontSize":50,"color":"#fbf8f8","centerY":0,"centerX":0},"compId":15},{"type":"Image","props":{"y":2,"x":15,"top":2,"skin":"home/Logo.png","name":"logo"},"compId":4}],"loadList":["loading/bgcolor.jpg","loading/loading.png","loading/jiazaijiemian-1-4.png","home/Logo.png"],"loadList3D":[]}