{"type":"Scene","props":{"zOrder":1,"width":750,"visible":true,"name":"over","height":1334},"compId":2,"child":[{"type":"Image","props":{"x":127,"visible":true,"var":"reborn","skin":"common/StartButton.PNG","name":"reborn","bottom":364},"compId":3,"child":[{"type":"Image","props":{"y":22,"x":131,"width":286,"text":"开始游戏","skin":"common/reborn.png","pivotY":-20,"pivotX":-25,"height":82,"fontSize":100,"font":"Arial","color":"#ffffff"},"compId":5},{"type":"Image","props":{"y":45,"x":91,"width":80,"skin":"common/video.png","height":68},"compId":14}]},{"type":"Box","props":{"y":0,"x":138,"width":473,"visible":false,"top":0,"stateNum":1,"name":"IphoneX_liuhai","label":" ","height":65,"bgColor":"#000000"},"compId":8},{"type":"Image","props":{"x":250,"visible":true,"var":"no","skin":"common/no.png","name":"no","bottom":293},"compId":12}],"loadList":["common/reborn.png","common/video.png","common/no.png"],"loadList3D":[]}