{"type":"View","props":{"width":750,"mouseEnabled":false,"height":1334},"compId":2,"child":[{"type":"Image","props":{"width":621,"visible":false,"var":"toastImg","skin":"common/rectbox.png","sizeGrid":"21,20,27,21","name":"toastImg","height":200,"centerY":0,"centerX":0},"compId":30,"child":[{"type":"Text","props":{"y":22,"x":14,"wordWrap":true,"width":578,"var":"toasText","valign":"middle","text":"视频小于3秒 成功发布才能领取奖励哦","strokeColor":"#000000","stroke":2,"name":"tipsText","height":154,"fontSize":50,"font":"SimHei","color":"#ffffff","align":"center","runtime":"Laya.Text"},"compId":31}]}],"loadList":["common/rectbox.png"],"loadList3D":[]}