{"type":"Image","props":{"y":0,"x":0,"width":210,"var":"element_05","skin":"res/05_210.png","scaleY":1,"scaleX":1,"presetID":1,"pivotY":105,"pivotX":105,"name":"element_05","isPresetRoot":true,"height":210},"compId":67,"child":[{"type":"Script","props":{"presetID":2,"gravityScale":10,"runtime":"Laya.RigidBody"},"compId":5},{"type":"Script","props":{"radius":105,"presetID":3,"runtime":"Laya.CircleCollider"},"compId":6},{"type":"Script","props":{"presetID":4,"runtime":"scripts/Fruit.js"},"compId":36}],"loadList":["res/05_210.png"],"loadList3D":[]}