{"type":"Image","props":{"y":0,"x":0,"width":150,"var":"element_03","skin":"res/03_150.png","scaleY":1,"scaleX":1,"presetID":1,"pivotY":75,"pivotX":75,"name":"element_03","isPresetRoot":true,"height":150},"compId":67,"child":[{"type":"Script","props":{"presetID":2,"gravityScale":10,"runtime":"Laya.RigidBody"},"compId":5},{"type":"Script","props":{"radius":75,"presetID":3,"runtime":"Laya.CircleCollider"},"compId":6},{"type":"Script","props":{"presetID":4,"runtime":"scripts/Fruit.js"},"compId":36}],"loadList":["res/03_150.png"],"loadList3D":[]}