{"type":"Image","props":{"y":0,"x":0,"width":340,"var":"element_09","skin":"res/09_340.png","scaleY":1,"scaleX":1,"presetID":1,"pivotY":170,"pivotX":170,"name":"element_09","isPresetRoot":true,"height":340},"compId":67,"child":[{"type":"Script","props":{"presetID":2,"gravityScale":10,"runtime":"Laya.RigidBody"},"compId":5},{"type":"Script","props":{"radius":170,"presetID":3,"runtime":"Laya.CircleCollider"},"compId":6},{"type":"Script","props":{"presetID":4,"runtime":"scripts/Fruit.js"},"compId":36}],"loadList":["res/09_340.png"],"loadList3D":[]}