{"type":"Scene","props":{"width":750,"runtime":"scripts/GameOverView.js","height":1624},"compId":2,"child":[{"type":"Script","props":{"top":0,"right":0,"left":0,"bottom":0,"runtime":"laya.ui.Widget"},"compId":13},{"type":"Image","props":{"var":"gameOverBg","top":0,"skin":"res/img_blank.png","sizeGrid":"4,4,4,4","right":0,"name":"gameOverBg","left":0,"bottom":0,"alpha":1},"compId":3},{"type":"Box","props":{"width":634,"var":"gameOverBox","name":"gameOverBox","height":858,"centerY":0,"centerX":0},"compId":14,"child":[{"type":"Image","props":{"width":634,"var":"gameOverWin","skin":"res/gameOverWin.png","name":"gameOverWin","height":859,"centerY":0,"centerX":0},"compId":4},{"type":"Image","props":{"var":"playAgainBtn","top":635,"skin":"res/playAgainBtn.png","name":"playAgainBtn","left":177},"compId":5},{"type":"Image","props":{"var":"closeBtn","top":10,"skin":"res/closeBtn.png","right":36,"name":"closeBtn"},"compId":6},{"type":"Image","props":{"y":244,"x":177,"width":280,"var":"scoreLogo","skin":"res/scoreLogo.png","name":"scoreLogo","height":280},"compId":7},{"type":"Text","props":{"y":140,"x":237,"width":160,"var":"txt_Score","valign":"middle","text":"0","name":"txt_Score","height":60,"fontSize":60,"font":"SimHei","color":"#724E34","bold":true,"align":"center","runtime":"Laya.Text"},"compId":9},{"type":"Label","props":{"width":244,"var":"gameOverLabel","valign":"middle","top":587,"text":"游戏结束","rotation":0,"name":"gameOverLabel","left":195,"height":25,"fontSize":24,"font":"SimHei","color":"#CBBEB4","bold":true,"align":"center"},"compId":10},{"type":"Label","props":{"y":201,"width":240,"var":"scoreDecsLabel","valign":"middle","text":"本次游戏获得的曜白值","name":"scoreDecsLabel","height":23,"fontSize":24,"font":"SimHei","color":"#cbbeb4","centerX":0,"align":"center"},"compId":11},{"type":"Label","props":{"y":738,"x":117,"wordWrap":true,"width":400,"var":"remark","valign":"middle","text":"*继续挑战有机会冲刺华为P50 pro手机 ","name":"remark","left":117,"leading":5,"height":20,"fontSize":20,"font":"SimHei","color":"#949494","bottom":100,"align":"center"},"compId":15},{"type":"Label","props":{"width":310,"var":"tipsLabel","valign":"middle","top":554,"text":"已合成 城野医生美肌所","name":"tipsLabel","left":162,"height":25,"fontSize":24,"font":"SimHei","color":"#724e34","bold":true,"align":"center"},"compId":16},{"type":"Label","props":{"wordWrap":true,"width":400,"var":"remark2","valign":"middle","text":"累计到一定的曜白值可参与兑换活动","name":"remark2","left":117,"leading":5,"height":20,"fontSize":20,"font":"SimHei","color":"#949494","bottom":70,"align":"center"},"compId":17}]}],"loadList":["res/img_blank.png","res/gameOverWin.png","res/playAgainBtn.png","res/closeBtn.png","res/scoreLogo.png"],"loadList3D":[]}