{"type":"Image","props":{"y":0,"x":0,"width":270,"var":"element_07","skin":"res/07_270.png","scaleY":1,"scaleX":1,"presetID":1,"pivotY":135,"pivotX":135,"name":"element_07","isPresetRoot":true,"height":270},"compId":67,"child":[{"type":"Script","props":{"presetID":2,"gravityScale":10,"runtime":"Laya.RigidBody"},"compId":5},{"type":"Script","props":{"radius":135,"presetID":3,"runtime":"Laya.CircleCollider"},"compId":6},{"type":"Script","props":{"presetID":4,"runtime":"scripts/Fruit.js"},"compId":36}],"loadList":["res/07_270.png"],"loadList3D":[]}