{"type":"Image","props":{"y":0,"x":0,"width":130,"var":"element_02","skin":"res/02_130px.png","scaleY":1,"scaleX":1,"presetID":1,"pivotY":80,"pivotX":80,"name":"element_02","isPresetRoot":true,"height":130},"compId":67,"child":[{"type":"Script","props":{"presetID":2,"gravityScale":10,"runtime":"Laya.RigidBody"},"compId":5},{"type":"Script","props":{"radius":65,"presetID":3,"runtime":"Laya.CircleCollider"},"compId":6},{"type":"Script","props":{"presetID":4,"runtime":"scripts/Fruit.js"},"compId":36}],"loadList":["res/02_130px.png"],"loadList3D":[]}