{"type":"Image","props":{"y":0,"x":0,"width":110,"var":"element_01","skin":"res/01_110px.png","scaleY":1,"scaleX":1,"presetID":1,"pivotY":55,"pivotX":55,"name":"element_01","isPresetRoot":true,"height":110},"compId":67,"child":[{"type":"Script","props":{"presetID":2,"gravityScale":10,"runtime":"Laya.RigidBody"},"compId":5},{"type":"Script","props":{"radius":55,"presetID":3,"runtime":"Laya.CircleCollider"},"compId":6},{"type":"Script","props":{"presetID":4,"runtime":"scripts/Fruit.js"},"compId":36}],"loadList":["res/01_110px.png"],"loadList3D":[]}