{"type":"Image","props":{"y":0,"x":0,"width":300,"var":"element_08","skin":"res/08_300.png","scaleY":1,"scaleX":1,"presetID":1,"pivotY":150,"pivotX":150,"name":"element_08","isPresetRoot":true,"height":300},"compId":67,"child":[{"type":"Script","props":{"presetID":2,"gravityScale":10,"runtime":"Laya.RigidBody"},"compId":5},{"type":"Script","props":{"radius":150,"presetID":3,"runtime":"Laya.CircleCollider"},"compId":6},{"type":"Script","props":{"presetID":4,"runtime":"scripts/Fruit.js"},"compId":36}],"loadList":["res/08_300.png"],"loadList3D":[]}